,Unnamed: 0,image_index,type,chart,code
0,0,0,vbar_categorical,0.png,4
1,1,1,vbar_categorical,1.png,4
2,2,2,vbar_categorical,2.png,4
3,3,3,vbar_categorical,3.png,4
4,4,4,vbar_categorical,4.png,4
5,5,5,vbar_categorical,5.png,4
6,6,6,vbar_categorical,6.png,4
7,7,7,vbar_categorical,7.png,4
8,8,8,vbar_categorical,8.png,4
9,9,9,vbar_categorical,9.png,4
10,10,10,vbar_categorical,10.png,4
11,11,11,vbar_categorical,11.png,4
12,12,12,vbar_categorical,12.png,4
13,13,13,vbar_categorical,13.png,4
14,14,14,vbar_categorical,14.png,4
15,15,15,vbar_categorical,15.png,4
16,16,16,vbar_categorical,16.png,4
17,17,17,vbar_categorical,17.png,4
18,18,18,vbar_categorical,18.png,4
19,19,19,vbar_categorical,19.png,4
20,20,20,vbar_categorical,20.png,4
21,21,21,vbar_categorical,21.png,4
22,22,22,vbar_categorical,22.png,4
23,23,23,vbar_categorical,23.png,4
24,24,24,vbar_categorical,24.png,4
25,25,25,vbar_categorical,25.png,4
26,26,26,vbar_categorical,26.png,4
27,27,27,vbar_categorical,27.png,4
28,28,28,vbar_categorical,28.png,4
29,29,29,vbar_categorical,29.png,4
30,30,30,vbar_categorical,30.png,4
31,31,31,vbar_categorical,31.png,4
32,32,32,vbar_categorical,32.png,4
33,33,33,vbar_categorical,33.png,4
34,34,34,vbar_categorical,34.png,4
35,35,35,vbar_categorical,35.png,4
36,36,36,vbar_categorical,36.png,4
37,37,37,vbar_categorical,37.png,4
38,38,38,vbar_categorical,38.png,4
39,39,39,vbar_categorical,39.png,4
40,40,40,vbar_categorical,40.png,4
41,41,41,vbar_categorical,41.png,4
42,42,42,vbar_categorical,42.png,4
43,43,43,vbar_categorical,43.png,4
44,44,44,vbar_categorical,44.png,4
45,45,45,vbar_categorical,45.png,4
46,46,46,vbar_categorical,46.png,4
47,47,47,vbar_categorical,47.png,4
48,48,48,vbar_categorical,48.png,4
49,49,49,vbar_categorical,49.png,4
50,50,50,vbar_categorical,50.png,4
51,51,51,vbar_categorical,51.png,4
52,52,52,vbar_categorical,52.png,4
53,53,53,vbar_categorical,53.png,4
54,54,54,vbar_categorical,54.png,4
55,55,55,vbar_categorical,55.png,4
56,56,56,vbar_categorical,56.png,4
57,57,57,vbar_categorical,57.png,4
58,58,58,vbar_categorical,58.png,4
59,59,59,vbar_categorical,59.png,4
60,60,60,vbar_categorical,60.png,4
61,61,61,vbar_categorical,61.png,4
62,62,62,vbar_categorical,62.png,4
63,63,63,vbar_categorical,63.png,4
64,64,64,vbar_categorical,64.png,4
65,65,65,vbar_categorical,65.png,4
66,66,66,vbar_categorical,66.png,4
67,67,67,vbar_categorical,67.png,4
68,68,68,vbar_categorical,68.png,4
69,69,69,vbar_categorical,69.png,4
70,70,70,vbar_categorical,70.png,4
71,71,71,vbar_categorical,71.png,4
72,72,72,vbar_categorical,72.png,4
73,73,73,vbar_categorical,73.png,4
74,74,74,vbar_categorical,74.png,4
75,75,75,vbar_categorical,75.png,4
76,76,76,vbar_categorical,76.png,4
77,77,77,vbar_categorical,77.png,4
78,78,78,vbar_categorical,78.png,4
79,79,79,vbar_categorical,79.png,4
80,80,80,vbar_categorical,80.png,4
81,81,81,vbar_categorical,81.png,4
82,82,82,vbar_categorical,82.png,4
83,83,83,vbar_categorical,83.png,4
84,84,84,vbar_categorical,84.png,4
85,85,85,vbar_categorical,85.png,4
86,86,86,vbar_categorical,86.png,4
87,87,87,vbar_categorical,87.png,4
88,88,88,vbar_categorical,88.png,4
89,89,89,vbar_categorical,89.png,4
90,90,90,vbar_categorical,90.png,4
91,91,91,vbar_categorical,91.png,4
92,92,92,vbar_categorical,92.png,4
93,93,93,vbar_categorical,93.png,4
94,94,94,vbar_categorical,94.png,4
95,95,95,vbar_categorical,95.png,4
96,96,96,vbar_categorical,96.png,4
97,97,97,vbar_categorical,97.png,4
98,98,98,vbar_categorical,98.png,4
99,99,99,vbar_categorical,99.png,4
100,100,100,vbar_categorical,100.png,4
101,101,101,vbar_categorical,101.png,4
102,102,102,vbar_categorical,102.png,4
103,103,103,vbar_categorical,103.png,4
104,104,104,vbar_categorical,104.png,4
105,105,105,vbar_categorical,105.png,4
106,106,106,vbar_categorical,106.png,4
107,107,107,vbar_categorical,107.png,4
108,108,108,vbar_categorical,108.png,4
109,109,109,vbar_categorical,109.png,4
110,110,110,vbar_categorical,110.png,4
111,111,111,vbar_categorical,111.png,4
112,112,112,vbar_categorical,112.png,4
113,113,113,vbar_categorical,113.png,4
114,114,114,vbar_categorical,114.png,4
115,115,115,vbar_categorical,115.png,4
116,116,116,vbar_categorical,116.png,4
117,117,117,vbar_categorical,117.png,4
118,118,118,vbar_categorical,118.png,4
119,119,119,vbar_categorical,119.png,4
120,120,120,vbar_categorical,120.png,4
121,121,121,vbar_categorical,121.png,4
122,122,122,vbar_categorical,122.png,4
123,123,123,vbar_categorical,123.png,4
124,124,124,vbar_categorical,124.png,4
125,125,125,vbar_categorical,125.png,4
126,126,126,vbar_categorical,126.png,4
127,127,127,vbar_categorical,127.png,4
128,128,128,vbar_categorical,128.png,4
129,129,129,vbar_categorical,129.png,4
130,130,130,vbar_categorical,130.png,4
131,131,131,vbar_categorical,131.png,4
132,132,132,vbar_categorical,132.png,4
133,133,133,vbar_categorical,133.png,4
134,134,134,vbar_categorical,134.png,4
135,135,135,vbar_categorical,135.png,4
136,136,136,vbar_categorical,136.png,4
137,137,137,vbar_categorical,137.png,4
138,138,138,vbar_categorical,138.png,4
139,139,139,vbar_categorical,139.png,4
140,140,140,vbar_categorical,140.png,4
141,141,141,vbar_categorical,141.png,4
142,142,142,vbar_categorical,142.png,4
143,143,143,vbar_categorical,143.png,4
144,144,144,vbar_categorical,144.png,4
145,145,145,vbar_categorical,145.png,4
146,146,146,vbar_categorical,146.png,4
147,147,147,vbar_categorical,147.png,4
148,148,148,vbar_categorical,148.png,4
149,149,149,vbar_categorical,149.png,4
150,150,150,vbar_categorical,150.png,4
151,151,151,vbar_categorical,151.png,4
152,152,152,vbar_categorical,152.png,4
153,153,153,vbar_categorical,153.png,4
154,154,154,vbar_categorical,154.png,4
155,155,155,vbar_categorical,155.png,4
156,156,156,vbar_categorical,156.png,4
157,157,157,vbar_categorical,157.png,4
158,158,158,vbar_categorical,158.png,4
159,159,159,vbar_categorical,159.png,4
160,160,160,vbar_categorical,160.png,4
161,161,161,vbar_categorical,161.png,4
162,162,162,vbar_categorical,162.png,4
163,163,163,vbar_categorical,163.png,4
164,164,164,vbar_categorical,164.png,4
165,165,165,vbar_categorical,165.png,4
166,166,166,vbar_categorical,166.png,4
167,167,167,vbar_categorical,167.png,4
168,168,168,vbar_categorical,168.png,4
169,169,169,vbar_categorical,169.png,4
170,170,170,vbar_categorical,170.png,4
171,171,171,vbar_categorical,171.png,4
172,172,172,vbar_categorical,172.png,4
173,173,173,vbar_categorical,173.png,4
174,174,174,vbar_categorical,174.png,4
175,175,175,vbar_categorical,175.png,4
176,176,176,vbar_categorical,176.png,4
177,177,177,vbar_categorical,177.png,4
178,178,178,vbar_categorical,178.png,4
179,179,179,vbar_categorical,179.png,4
180,180,180,vbar_categorical,180.png,4
181,181,181,vbar_categorical,181.png,4
182,182,182,vbar_categorical,182.png,4
183,183,183,vbar_categorical,183.png,4
184,184,184,vbar_categorical,184.png,4
185,185,185,vbar_categorical,185.png,4
186,186,186,vbar_categorical,186.png,4
187,187,187,vbar_categorical,187.png,4
188,188,188,vbar_categorical,188.png,4
189,189,189,vbar_categorical,189.png,4
190,190,190,vbar_categorical,190.png,4
191,191,191,vbar_categorical,191.png,4
192,192,192,vbar_categorical,192.png,4
193,193,193,vbar_categorical,193.png,4
194,194,194,vbar_categorical,194.png,4
195,195,195,vbar_categorical,195.png,4
196,196,196,vbar_categorical,196.png,4
197,197,197,vbar_categorical,197.png,4
198,198,198,vbar_categorical,198.png,4
199,199,199,vbar_categorical,199.png,4
200,200,200,hbar_categorical,200.png,1
201,201,201,hbar_categorical,201.png,1
202,202,202,hbar_categorical,202.png,1
203,203,203,hbar_categorical,203.png,1
204,204,204,hbar_categorical,204.png,1
205,205,205,hbar_categorical,205.png,1
206,206,206,hbar_categorical,206.png,1
207,207,207,hbar_categorical,207.png,1
208,208,208,hbar_categorical,208.png,1
209,209,209,hbar_categorical,209.png,1
210,210,210,hbar_categorical,210.png,1
211,211,211,hbar_categorical,211.png,1
212,212,212,hbar_categorical,212.png,1
213,213,213,hbar_categorical,213.png,1
214,214,214,hbar_categorical,214.png,1
215,215,215,hbar_categorical,215.png,1
216,216,216,hbar_categorical,216.png,1
217,217,217,hbar_categorical,217.png,1
218,218,218,hbar_categorical,218.png,1
219,219,219,hbar_categorical,219.png,1
220,220,220,hbar_categorical,220.png,1
221,221,221,hbar_categorical,221.png,1
222,222,222,hbar_categorical,222.png,1
223,223,223,hbar_categorical,223.png,1
224,224,224,hbar_categorical,224.png,1
225,225,225,hbar_categorical,225.png,1
226,226,226,hbar_categorical,226.png,1
227,227,227,hbar_categorical,227.png,1
228,228,228,hbar_categorical,228.png,1
229,229,229,hbar_categorical,229.png,1
230,230,230,hbar_categorical,230.png,1
231,231,231,hbar_categorical,231.png,1
232,232,232,hbar_categorical,232.png,1
233,233,233,hbar_categorical,233.png,1
234,234,234,hbar_categorical,234.png,1
235,235,235,hbar_categorical,235.png,1
236,236,236,hbar_categorical,236.png,1
237,237,237,hbar_categorical,237.png,1
238,238,238,hbar_categorical,238.png,1
239,239,239,hbar_categorical,239.png,1
240,240,240,hbar_categorical,240.png,1
241,241,241,hbar_categorical,241.png,1
242,242,242,hbar_categorical,242.png,1
243,243,243,hbar_categorical,243.png,1
244,244,244,hbar_categorical,244.png,1
245,245,245,hbar_categorical,245.png,1
246,246,246,hbar_categorical,246.png,1
247,247,247,hbar_categorical,247.png,1
248,248,248,hbar_categorical,248.png,1
249,249,249,hbar_categorical,249.png,1
250,250,250,hbar_categorical,250.png,1
251,251,251,hbar_categorical,251.png,1
252,252,252,hbar_categorical,252.png,1
253,253,253,hbar_categorical,253.png,1
254,254,254,hbar_categorical,254.png,1
255,255,255,hbar_categorical,255.png,1
256,256,256,hbar_categorical,256.png,1
257,257,257,hbar_categorical,257.png,1
258,258,258,hbar_categorical,258.png,1
259,259,259,hbar_categorical,259.png,1
260,260,260,hbar_categorical,260.png,1
261,261,261,hbar_categorical,261.png,1
262,262,262,hbar_categorical,262.png,1
263,263,263,hbar_categorical,263.png,1
264,264,264,hbar_categorical,264.png,1
265,265,265,hbar_categorical,265.png,1
266,266,266,hbar_categorical,266.png,1
267,267,267,hbar_categorical,267.png,1
268,268,268,hbar_categorical,268.png,1
269,269,269,hbar_categorical,269.png,1
270,270,270,hbar_categorical,270.png,1
271,271,271,hbar_categorical,271.png,1
272,272,272,hbar_categorical,272.png,1
273,273,273,hbar_categorical,273.png,1
274,274,274,hbar_categorical,274.png,1
275,275,275,hbar_categorical,275.png,1
276,276,276,hbar_categorical,276.png,1
277,277,277,hbar_categorical,277.png,1
278,278,278,hbar_categorical,278.png,1
279,279,279,hbar_categorical,279.png,1
280,280,280,hbar_categorical,280.png,1
281,281,281,hbar_categorical,281.png,1
282,282,282,hbar_categorical,282.png,1
283,283,283,hbar_categorical,283.png,1
284,284,284,hbar_categorical,284.png,1
285,285,285,hbar_categorical,285.png,1
286,286,286,hbar_categorical,286.png,1
287,287,287,hbar_categorical,287.png,1
288,288,288,hbar_categorical,288.png,1
289,289,289,hbar_categorical,289.png,1
290,290,290,hbar_categorical,290.png,1
291,291,291,hbar_categorical,291.png,1
292,292,292,hbar_categorical,292.png,1
293,293,293,hbar_categorical,293.png,1
294,294,294,hbar_categorical,294.png,1
295,295,295,hbar_categorical,295.png,1
296,296,296,hbar_categorical,296.png,1
297,297,297,hbar_categorical,297.png,1
298,298,298,hbar_categorical,298.png,1
299,299,299,hbar_categorical,299.png,1
300,300,300,hbar_categorical,300.png,1
301,301,301,hbar_categorical,301.png,1
302,302,302,hbar_categorical,302.png,1
303,303,303,hbar_categorical,303.png,1
304,304,304,hbar_categorical,304.png,1
305,305,305,hbar_categorical,305.png,1
306,306,306,hbar_categorical,306.png,1
307,307,307,hbar_categorical,307.png,1
308,308,308,hbar_categorical,308.png,1
309,309,309,hbar_categorical,309.png,1
310,310,310,hbar_categorical,310.png,1
311,311,311,hbar_categorical,311.png,1
312,312,312,hbar_categorical,312.png,1
313,313,313,hbar_categorical,313.png,1
314,314,314,hbar_categorical,314.png,1
315,315,315,hbar_categorical,315.png,1
316,316,316,hbar_categorical,316.png,1
317,317,317,hbar_categorical,317.png,1
318,318,318,hbar_categorical,318.png,1
319,319,319,hbar_categorical,319.png,1
320,320,320,hbar_categorical,320.png,1
321,321,321,hbar_categorical,321.png,1
322,322,322,hbar_categorical,322.png,1
323,323,323,hbar_categorical,323.png,1
324,324,324,hbar_categorical,324.png,1
325,325,325,hbar_categorical,325.png,1
326,326,326,hbar_categorical,326.png,1
327,327,327,hbar_categorical,327.png,1
328,328,328,hbar_categorical,328.png,1
329,329,329,hbar_categorical,329.png,1
330,330,330,hbar_categorical,330.png,1
331,331,331,hbar_categorical,331.png,1
332,332,332,hbar_categorical,332.png,1
333,333,333,hbar_categorical,333.png,1
334,334,334,hbar_categorical,334.png,1
335,335,335,hbar_categorical,335.png,1
336,336,336,hbar_categorical,336.png,1
337,337,337,hbar_categorical,337.png,1
338,338,338,hbar_categorical,338.png,1
339,339,339,hbar_categorical,339.png,1
340,340,340,hbar_categorical,340.png,1
341,341,341,hbar_categorical,341.png,1
342,342,342,hbar_categorical,342.png,1
343,343,343,hbar_categorical,343.png,1
344,344,344,hbar_categorical,344.png,1
345,345,345,hbar_categorical,345.png,1
346,346,346,hbar_categorical,346.png,1
347,347,347,hbar_categorical,347.png,1
348,348,348,hbar_categorical,348.png,1
349,349,349,hbar_categorical,349.png,1
350,350,350,hbar_categorical,350.png,1
351,351,351,hbar_categorical,351.png,1
352,352,352,hbar_categorical,352.png,1
353,353,353,hbar_categorical,353.png,1
354,354,354,hbar_categorical,354.png,1
355,355,355,hbar_categorical,355.png,1
356,356,356,hbar_categorical,356.png,1
357,357,357,hbar_categorical,357.png,1
358,358,358,hbar_categorical,358.png,1
359,359,359,hbar_categorical,359.png,1
360,360,360,hbar_categorical,360.png,1
361,361,361,hbar_categorical,361.png,1
362,362,362,hbar_categorical,362.png,1
363,363,363,hbar_categorical,363.png,1
364,364,364,hbar_categorical,364.png,1
365,365,365,hbar_categorical,365.png,1
366,366,366,hbar_categorical,366.png,1
367,367,367,hbar_categorical,367.png,1
368,368,368,hbar_categorical,368.png,1
369,369,369,hbar_categorical,369.png,1
370,370,370,hbar_categorical,370.png,1
371,371,371,hbar_categorical,371.png,1
372,372,372,hbar_categorical,372.png,1
373,373,373,hbar_categorical,373.png,1
374,374,374,hbar_categorical,374.png,1
375,375,375,hbar_categorical,375.png,1
376,376,376,hbar_categorical,376.png,1
377,377,377,hbar_categorical,377.png,1
378,378,378,hbar_categorical,378.png,1
379,379,379,hbar_categorical,379.png,1
380,380,380,hbar_categorical,380.png,1
381,381,381,hbar_categorical,381.png,1
382,382,382,hbar_categorical,382.png,1
383,383,383,hbar_categorical,383.png,1
384,384,384,hbar_categorical,384.png,1
385,385,385,hbar_categorical,385.png,1
386,386,386,hbar_categorical,386.png,1
387,387,387,hbar_categorical,387.png,1
388,388,388,hbar_categorical,388.png,1
389,389,389,hbar_categorical,389.png,1
390,390,390,hbar_categorical,390.png,1
391,391,391,hbar_categorical,391.png,1
392,392,392,hbar_categorical,392.png,1
393,393,393,hbar_categorical,393.png,1
394,394,394,hbar_categorical,394.png,1
395,395,395,hbar_categorical,395.png,1
396,396,396,hbar_categorical,396.png,1
397,397,397,hbar_categorical,397.png,1
398,398,398,hbar_categorical,398.png,1
399,399,399,hbar_categorical,399.png,1
400,400,400,line,400.png,2
401,401,401,line,401.png,2
402,402,402,line,402.png,2
403,403,403,line,403.png,2
404,404,404,line,404.png,2
405,405,405,line,405.png,2
406,406,406,line,406.png,2
407,407,407,line,407.png,2
408,408,408,line,408.png,2
409,409,409,line,409.png,2
410,410,410,line,410.png,2
411,411,411,line,411.png,2
412,412,412,line,412.png,2
413,413,413,line,413.png,2
414,414,414,line,414.png,2
415,415,415,line,415.png,2
416,416,416,line,416.png,2
417,417,417,line,417.png,2
418,418,418,line,418.png,2
419,419,419,line,419.png,2
420,420,420,line,420.png,2
421,421,421,line,421.png,2
422,422,422,line,422.png,2
423,423,423,line,423.png,2
424,424,424,line,424.png,2
425,425,425,line,425.png,2
426,426,426,line,426.png,2
427,427,427,line,427.png,2
428,428,428,line,428.png,2
429,429,429,line,429.png,2
430,430,430,line,430.png,2
431,431,431,line,431.png,2
432,432,432,line,432.png,2
433,433,433,line,433.png,2
434,434,434,line,434.png,2
435,435,435,line,435.png,2
436,436,436,line,436.png,2
437,437,437,line,437.png,2
438,438,438,line,438.png,2
439,439,439,line,439.png,2
440,440,440,line,440.png,2
441,441,441,line,441.png,2
442,442,442,line,442.png,2
443,443,443,line,443.png,2
444,444,444,line,444.png,2
445,445,445,line,445.png,2
446,446,446,line,446.png,2
447,447,447,line,447.png,2
448,448,448,line,448.png,2
449,449,449,line,449.png,2
450,450,450,line,450.png,2
451,451,451,line,451.png,2
452,452,452,line,452.png,2
453,453,453,line,453.png,2
454,454,454,line,454.png,2
455,455,455,line,455.png,2
456,456,456,line,456.png,2
457,457,457,line,457.png,2
458,458,458,line,458.png,2
459,459,459,line,459.png,2
460,460,460,line,460.png,2
461,461,461,line,461.png,2
462,462,462,line,462.png,2
463,463,463,line,463.png,2
464,464,464,line,464.png,2
465,465,465,line,465.png,2
466,466,466,line,466.png,2
467,467,467,line,467.png,2
468,468,468,line,468.png,2
469,469,469,line,469.png,2
470,470,470,line,470.png,2
471,471,471,line,471.png,2
472,472,472,line,472.png,2
473,473,473,line,473.png,2
474,474,474,line,474.png,2
475,475,475,line,475.png,2
476,476,476,line,476.png,2
477,477,477,line,477.png,2
478,478,478,line,478.png,2
479,479,479,line,479.png,2
480,480,480,line,480.png,2
481,481,481,line,481.png,2
482,482,482,line,482.png,2
483,483,483,line,483.png,2
484,484,484,line,484.png,2
485,485,485,line,485.png,2
486,486,486,line,486.png,2
487,487,487,line,487.png,2
488,488,488,line,488.png,2
489,489,489,line,489.png,2
490,490,490,line,490.png,2
491,491,491,line,491.png,2
492,492,492,line,492.png,2
493,493,493,line,493.png,2
494,494,494,line,494.png,2
495,495,495,line,495.png,2
496,496,496,line,496.png,2
497,497,497,line,497.png,2
498,498,498,line,498.png,2
499,499,499,line,499.png,2
500,500,500,line,500.png,2
501,501,501,line,501.png,2
502,502,502,line,502.png,2
503,503,503,line,503.png,2
504,504,504,line,504.png,2
505,505,505,line,505.png,2
506,506,506,line,506.png,2
507,507,507,line,507.png,2
508,508,508,line,508.png,2
509,509,509,line,509.png,2
510,510,510,line,510.png,2
511,511,511,line,511.png,2
512,512,512,line,512.png,2
513,513,513,line,513.png,2
514,514,514,line,514.png,2
515,515,515,line,515.png,2
516,516,516,line,516.png,2
517,517,517,line,517.png,2
518,518,518,line,518.png,2
519,519,519,line,519.png,2
520,520,520,line,520.png,2
521,521,521,line,521.png,2
522,522,522,line,522.png,2
523,523,523,line,523.png,2
524,524,524,line,524.png,2
525,525,525,line,525.png,2
526,526,526,line,526.png,2
527,527,527,line,527.png,2
528,528,528,line,528.png,2
529,529,529,line,529.png,2
530,530,530,line,530.png,2
531,531,531,line,531.png,2
532,532,532,line,532.png,2
533,533,533,line,533.png,2
534,534,534,line,534.png,2
535,535,535,line,535.png,2
536,536,536,line,536.png,2
537,537,537,line,537.png,2
538,538,538,line,538.png,2
539,539,539,line,539.png,2
540,540,540,line,540.png,2
541,541,541,line,541.png,2
542,542,542,line,542.png,2
543,543,543,line,543.png,2
544,544,544,line,544.png,2
545,545,545,line,545.png,2
546,546,546,line,546.png,2
547,547,547,line,547.png,2
548,548,548,line,548.png,2
549,549,549,line,549.png,2
550,550,550,line,550.png,2
551,551,551,line,551.png,2
552,552,552,line,552.png,2
553,553,553,line,553.png,2
554,554,554,line,554.png,2
555,555,555,line,555.png,2
556,556,556,line,556.png,2
557,557,557,line,557.png,2
558,558,558,line,558.png,2
559,559,559,line,559.png,2
560,560,560,line,560.png,2
561,561,561,line,561.png,2
562,562,562,line,562.png,2
563,563,563,line,563.png,2
564,564,564,line,564.png,2
565,565,565,line,565.png,2
566,566,566,line,566.png,2
567,567,567,line,567.png,2
568,568,568,line,568.png,2
569,569,569,line,569.png,2
570,570,570,line,570.png,2
571,571,571,line,571.png,2
572,572,572,line,572.png,2
573,573,573,line,573.png,2
574,574,574,line,574.png,2
575,575,575,line,575.png,2
576,576,576,line,576.png,2
577,577,577,line,577.png,2
578,578,578,line,578.png,2
579,579,579,line,579.png,2
580,580,580,line,580.png,2
581,581,581,line,581.png,2
582,582,582,line,582.png,2
583,583,583,line,583.png,2
584,584,584,line,584.png,2
585,585,585,line,585.png,2
586,586,586,line,586.png,2
587,587,587,line,587.png,2
588,588,588,line,588.png,2
589,589,589,line,589.png,2
590,590,590,line,590.png,2
591,591,591,line,591.png,2
592,592,592,line,592.png,2
593,593,593,line,593.png,2
594,594,594,line,594.png,2
595,595,595,line,595.png,2
596,596,596,line,596.png,2
597,597,597,line,597.png,2
598,598,598,line,598.png,2
599,599,599,line,599.png,2
600,600,600,pie,600.png,3
601,601,601,pie,601.png,3
602,602,602,pie,602.png,3
603,603,603,pie,603.png,3
604,604,604,pie,604.png,3
605,605,605,pie,605.png,3
606,606,606,pie,606.png,3
607,607,607,pie,607.png,3
608,608,608,pie,608.png,3
609,609,609,pie,609.png,3
610,610,610,pie,610.png,3
611,611,611,pie,611.png,3
612,612,612,pie,612.png,3
613,613,613,pie,613.png,3
614,614,614,pie,614.png,3
615,615,615,pie,615.png,3
616,616,616,pie,616.png,3
617,617,617,pie,617.png,3
618,618,618,pie,618.png,3
619,619,619,pie,619.png,3
620,620,620,pie,620.png,3
621,621,621,pie,621.png,3
622,622,622,pie,622.png,3
623,623,623,pie,623.png,3
624,624,624,pie,624.png,3
625,625,625,pie,625.png,3
626,626,626,pie,626.png,3
627,627,627,pie,627.png,3
628,628,628,pie,628.png,3
629,629,629,pie,629.png,3
630,630,630,pie,630.png,3
631,631,631,pie,631.png,3
632,632,632,pie,632.png,3
633,633,633,pie,633.png,3
634,634,634,pie,634.png,3
635,635,635,pie,635.png,3
636,636,636,pie,636.png,3
637,637,637,pie,637.png,3
638,638,638,pie,638.png,3
639,639,639,pie,639.png,3
640,640,640,pie,640.png,3
641,641,641,pie,641.png,3
642,642,642,pie,642.png,3
643,643,643,pie,643.png,3
644,644,644,pie,644.png,3
645,645,645,pie,645.png,3
646,646,646,pie,646.png,3
647,647,647,pie,647.png,3
648,648,648,pie,648.png,3
649,649,649,pie,649.png,3
650,650,650,pie,650.png,3
651,651,651,pie,651.png,3
652,652,652,pie,652.png,3
653,653,653,pie,653.png,3
654,654,654,pie,654.png,3
655,655,655,pie,655.png,3
656,656,656,pie,656.png,3
657,657,657,pie,657.png,3
658,658,658,pie,658.png,3
659,659,659,pie,659.png,3
660,660,660,pie,660.png,3
661,661,661,pie,661.png,3
662,662,662,pie,662.png,3
663,663,663,pie,663.png,3
664,664,664,pie,664.png,3
665,665,665,pie,665.png,3
666,666,666,pie,666.png,3
667,667,667,pie,667.png,3
668,668,668,pie,668.png,3
669,669,669,pie,669.png,3
670,670,670,pie,670.png,3
671,671,671,pie,671.png,3
672,672,672,pie,672.png,3
673,673,673,pie,673.png,3
674,674,674,pie,674.png,3
675,675,675,pie,675.png,3
676,676,676,pie,676.png,3
677,677,677,pie,677.png,3
678,678,678,pie,678.png,3
679,679,679,pie,679.png,3
680,680,680,pie,680.png,3
681,681,681,pie,681.png,3
682,682,682,pie,682.png,3
683,683,683,pie,683.png,3
684,684,684,pie,684.png,3
685,685,685,pie,685.png,3
686,686,686,pie,686.png,3
687,687,687,pie,687.png,3
688,688,688,pie,688.png,3
689,689,689,pie,689.png,3
690,690,690,pie,690.png,3
691,691,691,pie,691.png,3
692,692,692,pie,692.png,3
693,693,693,pie,693.png,3
694,694,694,pie,694.png,3
695,695,695,pie,695.png,3
696,696,696,pie,696.png,3
697,697,697,pie,697.png,3
698,698,698,pie,698.png,3
699,699,699,pie,699.png,3
700,700,700,pie,700.png,3
701,701,701,pie,701.png,3
702,702,702,pie,702.png,3
703,703,703,pie,703.png,3
704,704,704,pie,704.png,3
705,705,705,pie,705.png,3
706,706,706,pie,706.png,3
707,707,707,pie,707.png,3
708,708,708,pie,708.png,3
709,709,709,pie,709.png,3
710,710,710,pie,710.png,3
711,711,711,pie,711.png,3
712,712,712,pie,712.png,3
713,713,713,pie,713.png,3
714,714,714,pie,714.png,3
715,715,715,pie,715.png,3
716,716,716,pie,716.png,3
717,717,717,pie,717.png,3
718,718,718,pie,718.png,3
719,719,719,pie,719.png,3
720,720,720,pie,720.png,3
721,721,721,pie,721.png,3
722,722,722,pie,722.png,3
723,723,723,pie,723.png,3
724,724,724,pie,724.png,3
725,725,725,pie,725.png,3
726,726,726,pie,726.png,3
727,727,727,pie,727.png,3
728,728,728,pie,728.png,3
729,729,729,pie,729.png,3
730,730,730,pie,730.png,3
731,731,731,pie,731.png,3
732,732,732,pie,732.png,3
733,733,733,pie,733.png,3
734,734,734,pie,734.png,3
735,735,735,pie,735.png,3
736,736,736,pie,736.png,3
737,737,737,pie,737.png,3
738,738,738,pie,738.png,3
739,739,739,pie,739.png,3
740,740,740,pie,740.png,3
741,741,741,pie,741.png,3
742,742,742,pie,742.png,3
743,743,743,pie,743.png,3
744,744,744,pie,744.png,3
745,745,745,pie,745.png,3
746,746,746,pie,746.png,3
747,747,747,pie,747.png,3
748,748,748,pie,748.png,3
749,749,749,pie,749.png,3
750,750,750,pie,750.png,3
751,751,751,pie,751.png,3
752,752,752,pie,752.png,3
753,753,753,pie,753.png,3
754,754,754,pie,754.png,3
755,755,755,pie,755.png,3
756,756,756,pie,756.png,3
757,757,757,pie,757.png,3
758,758,758,pie,758.png,3
759,759,759,pie,759.png,3
760,760,760,pie,760.png,3
761,761,761,pie,761.png,3
762,762,762,pie,762.png,3
763,763,763,pie,763.png,3
764,764,764,pie,764.png,3
765,765,765,pie,765.png,3
766,766,766,pie,766.png,3
767,767,767,pie,767.png,3
768,768,768,pie,768.png,3
769,769,769,pie,769.png,3
770,770,770,pie,770.png,3
771,771,771,pie,771.png,3
772,772,772,pie,772.png,3
773,773,773,pie,773.png,3
774,774,774,pie,774.png,3
775,775,775,pie,775.png,3
776,776,776,pie,776.png,3
777,777,777,pie,777.png,3
778,778,778,pie,778.png,3
779,779,779,pie,779.png,3
780,780,780,pie,780.png,3
781,781,781,pie,781.png,3
782,782,782,pie,782.png,3
783,783,783,pie,783.png,3
784,784,784,pie,784.png,3
785,785,785,pie,785.png,3
786,786,786,pie,786.png,3
787,787,787,pie,787.png,3
788,788,788,pie,788.png,3
789,789,789,pie,789.png,3
790,790,790,pie,790.png,3
791,791,791,pie,791.png,3
792,792,792,pie,792.png,3
793,793,793,pie,793.png,3
794,794,794,pie,794.png,3
795,795,795,pie,795.png,3
796,796,796,pie,796.png,3
797,797,797,pie,797.png,3
798,798,798,pie,798.png,3
799,799,799,pie,799.png,3
800,800,800,dot_line,800.png,0
801,801,801,dot_line,801.png,0
802,802,802,dot_line,802.png,0
803,803,803,dot_line,803.png,0
804,804,804,dot_line,804.png,0
805,805,805,dot_line,805.png,0
806,806,806,dot_line,806.png,0
807,807,807,dot_line,807.png,0
808,808,808,dot_line,808.png,0
809,809,809,dot_line,809.png,0
810,810,810,dot_line,810.png,0
811,811,811,dot_line,811.png,0
812,812,812,dot_line,812.png,0
813,813,813,dot_line,813.png,0
814,814,814,dot_line,814.png,0
815,815,815,dot_line,815.png,0
816,816,816,dot_line,816.png,0
817,817,817,dot_line,817.png,0
818,818,818,dot_line,818.png,0
819,819,819,dot_line,819.png,0
820,820,820,dot_line,820.png,0
821,821,821,dot_line,821.png,0
822,822,822,dot_line,822.png,0
823,823,823,dot_line,823.png,0
824,824,824,dot_line,824.png,0
825,825,825,dot_line,825.png,0
826,826,826,dot_line,826.png,0
827,827,827,dot_line,827.png,0
828,828,828,dot_line,828.png,0
829,829,829,dot_line,829.png,0
830,830,830,dot_line,830.png,0
831,831,831,dot_line,831.png,0
832,832,832,dot_line,832.png,0
833,833,833,dot_line,833.png,0
834,834,834,dot_line,834.png,0
835,835,835,dot_line,835.png,0
836,836,836,dot_line,836.png,0
837,837,837,dot_line,837.png,0
838,838,838,dot_line,838.png,0
839,839,839,dot_line,839.png,0
840,840,840,dot_line,840.png,0
841,841,841,dot_line,841.png,0
842,842,842,dot_line,842.png,0
843,843,843,dot_line,843.png,0
844,844,844,dot_line,844.png,0
845,845,845,dot_line,845.png,0
846,846,846,dot_line,846.png,0
847,847,847,dot_line,847.png,0
848,848,848,dot_line,848.png,0
849,849,849,dot_line,849.png,0
850,850,850,dot_line,850.png,0
851,851,851,dot_line,851.png,0
852,852,852,dot_line,852.png,0
853,853,853,dot_line,853.png,0
854,854,854,dot_line,854.png,0
855,855,855,dot_line,855.png,0
856,856,856,dot_line,856.png,0
857,857,857,dot_line,857.png,0
858,858,858,dot_line,858.png,0
859,859,859,dot_line,859.png,0
860,860,860,dot_line,860.png,0
861,861,861,dot_line,861.png,0
862,862,862,dot_line,862.png,0
863,863,863,dot_line,863.png,0
864,864,864,dot_line,864.png,0
865,865,865,dot_line,865.png,0
866,866,866,dot_line,866.png,0
867,867,867,dot_line,867.png,0
868,868,868,dot_line,868.png,0
869,869,869,dot_line,869.png,0
870,870,870,dot_line,870.png,0
871,871,871,dot_line,871.png,0
872,872,872,dot_line,872.png,0
873,873,873,dot_line,873.png,0
874,874,874,dot_line,874.png,0
875,875,875,dot_line,875.png,0
876,876,876,dot_line,876.png,0
877,877,877,dot_line,877.png,0
878,878,878,dot_line,878.png,0
879,879,879,dot_line,879.png,0
880,880,880,dot_line,880.png,0
881,881,881,dot_line,881.png,0
882,882,882,dot_line,882.png,0
883,883,883,dot_line,883.png,0
884,884,884,dot_line,884.png,0
885,885,885,dot_line,885.png,0
886,886,886,dot_line,886.png,0
887,887,887,dot_line,887.png,0
888,888,888,dot_line,888.png,0
889,889,889,dot_line,889.png,0
890,890,890,dot_line,890.png,0
891,891,891,dot_line,891.png,0
892,892,892,dot_line,892.png,0
893,893,893,dot_line,893.png,0
894,894,894,dot_line,894.png,0
895,895,895,dot_line,895.png,0
896,896,896,dot_line,896.png,0
897,897,897,dot_line,897.png,0
898,898,898,dot_line,898.png,0
899,899,899,dot_line,899.png,0
900,900,900,dot_line,900.png,0
901,901,901,dot_line,901.png,0
902,902,902,dot_line,902.png,0
903,903,903,dot_line,903.png,0
904,904,904,dot_line,904.png,0
905,905,905,dot_line,905.png,0
906,906,906,dot_line,906.png,0
907,907,907,dot_line,907.png,0
908,908,908,dot_line,908.png,0
909,909,909,dot_line,909.png,0
910,910,910,dot_line,910.png,0
911,911,911,dot_line,911.png,0
912,912,912,dot_line,912.png,0
913,913,913,dot_line,913.png,0
914,914,914,dot_line,914.png,0
915,915,915,dot_line,915.png,0
916,916,916,dot_line,916.png,0
917,917,917,dot_line,917.png,0
918,918,918,dot_line,918.png,0
919,919,919,dot_line,919.png,0
920,920,920,dot_line,920.png,0
921,921,921,dot_line,921.png,0
922,922,922,dot_line,922.png,0
923,923,923,dot_line,923.png,0
924,924,924,dot_line,924.png,0
925,925,925,dot_line,925.png,0
926,926,926,dot_line,926.png,0
927,927,927,dot_line,927.png,0
928,928,928,dot_line,928.png,0
929,929,929,dot_line,929.png,0
930,930,930,dot_line,930.png,0
931,931,931,dot_line,931.png,0
932,932,932,dot_line,932.png,0
933,933,933,dot_line,933.png,0
934,934,934,dot_line,934.png,0
935,935,935,dot_line,935.png,0
936,936,936,dot_line,936.png,0
937,937,937,dot_line,937.png,0
938,938,938,dot_line,938.png,0
939,939,939,dot_line,939.png,0
940,940,940,dot_line,940.png,0
941,941,941,dot_line,941.png,0
942,942,942,dot_line,942.png,0
943,943,943,dot_line,943.png,0
944,944,944,dot_line,944.png,0
945,945,945,dot_line,945.png,0
946,946,946,dot_line,946.png,0
947,947,947,dot_line,947.png,0
948,948,948,dot_line,948.png,0
949,949,949,dot_line,949.png,0
950,950,950,dot_line,950.png,0
951,951,951,dot_line,951.png,0
952,952,952,dot_line,952.png,0
953,953,953,dot_line,953.png,0
954,954,954,dot_line,954.png,0
955,955,955,dot_line,955.png,0
956,956,956,dot_line,956.png,0
957,957,957,dot_line,957.png,0
958,958,958,dot_line,958.png,0
959,959,959,dot_line,959.png,0
960,960,960,dot_line,960.png,0
961,961,961,dot_line,961.png,0
962,962,962,dot_line,962.png,0
963,963,963,dot_line,963.png,0
964,964,964,dot_line,964.png,0
965,965,965,dot_line,965.png,0
966,966,966,dot_line,966.png,0
967,967,967,dot_line,967.png,0
968,968,968,dot_line,968.png,0
969,969,969,dot_line,969.png,0
970,970,970,dot_line,970.png,0
971,971,971,dot_line,971.png,0
972,972,972,dot_line,972.png,0
973,973,973,dot_line,973.png,0
974,974,974,dot_line,974.png,0
975,975,975,dot_line,975.png,0
976,976,976,dot_line,976.png,0
977,977,977,dot_line,977.png,0
978,978,978,dot_line,978.png,0
979,979,979,dot_line,979.png,0
980,980,980,dot_line,980.png,0
981,981,981,dot_line,981.png,0
982,982,982,dot_line,982.png,0
983,983,983,dot_line,983.png,0
984,984,984,dot_line,984.png,0
985,985,985,dot_line,985.png,0
986,986,986,dot_line,986.png,0
987,987,987,dot_line,987.png,0
988,988,988,dot_line,988.png,0
989,989,989,dot_line,989.png,0
990,990,990,dot_line,990.png,0
991,991,991,dot_line,991.png,0
992,992,992,dot_line,992.png,0
993,993,993,dot_line,993.png,0
994,994,994,dot_line,994.png,0
995,995,995,dot_line,995.png,0
996,996,996,dot_line,996.png,0
997,997,997,dot_line,997.png,0
998,998,998,dot_line,998.png,0
999,999,999,dot_line,999.png,0
